"frase","sentimento"
"Reencontrar velhos amigos é pura alegria.","alegria"
"A chegada de um novo membro na família me deixou extasiado.","alegria"
"O cheiro de flores frescas sempre eleva meu espírito.","alegria"
"Estou flutuando de alegria com a notícia que recebi hoje.","alegria"
"Sua conquista me deixa imensamente feliz por você.","alegria"
"O mundo parece mais brilhante quando estou feliz.","alegria"
"Receber um elogio inesperado fez meu dia.","alegria"
"Estou ansioso para comemorar e compartilhar minha alegria!","alegria"
"Essa música sempre eleva meu humor e traz alegria.","alegria"
"O entusiasmo daquela multidão foi absolutamente contagiante.","alegria"
"A ideia de estar perdido na floresta é apavorante.","medo"
"A escuridão profunda e sem fim do oceano me aterroriza.","medo"
"Ouvir um ruído desconhecido em uma casa vazia é assustador.","medo"
"O aviso sobre a tempestade iminente me deixou em alerta.","medo"
"Os relatos sobre aquele lugar abandonado me dão calafrios.","medo"
"O alarme soando inesperadamente disparou meu coração.","medo"
"Ouvir sussurros em uma sala vazia é aterrorizante.","medo"
"O antigo mito sobre aquele monte sempre me causou medo.","medo"
"A ideia de ficar preso em um espaço fechado me assusta.","medo"
"O grito repentino no silêncio da noite foi perturbador.","medo"
"O brinde à nossa vitória me trouxe grande satisfação.","alegria"
"Cada passo conquistado é um motivo para celebração.","alegria"
"Ouvir crianças rindo traz alegria instantânea ao meu coração.","alegria"
"Estou nas nuvens com a surpresa que você me preparou!","alegria"
"O aroma de um bolo recém-assado me faz sentir aconchegado e feliz.","alegria"
"Estou vibrando de alegria com nossas novas descobertas.","alegria"
"Seu carinho e apoio sempre elevam meu ânimo.","alegria"
"O sucesso de nossos esforços conjuntos é uma fonte infinita de alegria.","alegria"
"Seu otimismo é contagiante e instiga felicidade.","alegria"
"A chegada do verão e suas festas sempre me animam!","alegria"
"Aquela estrada deserta e escura sempre me causa desconfiança.","medo"
"A ameaça iminente de tempestade me faz querer procurar abrigo.","medo"
"A sensação de estar sendo observado é profundamente inquietante.","medo"
"Os relatos de aparições naquela casa velha me fazem evitar a área.","medo"
"O alerta de um desastre natural me deixa extremamente nervoso.","medo"
"A profundidade do mar e seus mistérios me causam medo.","medo"
"Aquele sonho recorrente é perturbador e me deixa ansioso.","medo"
"O chiado repentino no rádio foi assustador.","medo"
"A história sobre o desaparecimento naquele lugar me deixou inquieto.","medo"
"O som de um grito distante na neblina é horripilante.","medo"
